<?xml version="1.0" encoding="UTF-8" ?>
<!DOCTYPE mapper
PUBLIC "-//mybatis.org//DTD Mapper 3.0//EN"
"http://mybatis.org/dtd/mybatis-3-mapper.dtd">
<mapper namespace="cart">

  <insert id="addCart" parameterType="CartDTO">
  insert into cart ( num, userid, gCode, gName, gPrice,gSize
                      ,gColor,gAmount,gImage)
  values ( cart_seq.nextval,#{userid},
            #{gCode},#{gName},#{gPrice},#{gSize},
            #{gColor},#{gAmount},#{gImage})  
  
  </insert>
	
  <select id="cartList" resultType="CartDTO" parameterType="string">
   select num, userid, gCode, gName, gPrice,gSize
                      ,gColor,gAmount,gImage
   from cart
   where userid = #{userid}
   order by num desc
  </select>	

  <update id="updateCart" parameterType="hashmap">
     update cart
     set gamount = #{amount}
     where num = #{num}
  </update>
  
  <delete id="delCart" parameterType="int">
    delete from cart
    where num = #{num}
  </delete>
  
  <select id="orderCart" parameterType="int" resultType="CartDTO">
   select num, userid, gCode, gName, gPrice,gSize
                      ,gColor,gAmount,gImage
   from cart
   where num = #{num}
  </select>
  
   <delete id="delAllCart" parameterType="ArrayList">
    delete from cart
    <where>
    <foreach collection="list" item="xx" index="index" > 
        or num = #{xx}
   </foreach>
     </where>
  </delete>
  <select id="orderAllConfirm" resultType="CartDTO"
		parameterType="ArrayList">
		select num, userid, gCode, gName, gPrice,gSize
                      ,gColor,gAmount,gImage
        from cart
		<if test="list != null">
			<where>
				num IN
				<foreach item="xxx" collection="list" open="(" separator=","
					close=")">
					#{xxx}
				</foreach>
			</where>
		</if>
	</select>

</mapper>










