<?xml version="1.0" encoding="UTF-8" ?>
<!DOCTYPE configuration
PUBLIC "-//mybatis.org//DTD Config 3.0//EN"
"http://mybatis.org/dtd/mybatis-3-config.dtd">
<configuration>
   
  
    <!-- jdbc.properties 알려주기 -->
 <properties resource="com/config/jdbc.properties" />
     <settings>
     <setting name="jdbcTypeForNull" value="NULL"/>
    </settings>
 
  <typeAliases>
   <typeAlias type="com.dto.MemberDTO" alias="MemberDTO"/>
   <typeAlias type="com.dto.BoardDTO" alias="BoardDTO"/>
   <typeAlias type="com.dto.GoodsDTO" alias="GoodsDTO"/>
   <typeAlias type="com.dto.CartDTO" alias="CartDTO"/>
      <typeAlias type="com.dto.OrderDTO" alias="OrderDTO"/>
  </typeAliases>
  

    
	<environments default="development">
		<environment id="development">
			<transactionManager type="JDBC" />
			<dataSource type="POOLED">
				<property name="driver" value="${jdbc.driver}" />
				<property name="url" value="${jdbc.url}" />
				<property name="username" value="${jdbc.userid}" />
				<property name="password" value="${jdbc.passwd}" />
			</dataSource>
		</environment>
	</environments>
	
	<mappers>
		<mapper resource="com/config/MemberMapper.xml" />
		<mapper resource="com/config/BoardMapper.xml" />
		<mapper resource="com/config/GoodsMapper.xml" />
		<mapper resource="com/config/CartMapper.xml" />
		<mapper resource="com/config/OrderMapper.xml" />
	</mappers>
</configuration>




