<?xml version="1.0" encoding="UTF-8"?>
<beans xmlns="http://www.springframework.org/schema/beans"
	xmlns:xsi="http://www.w3.org/2001/XMLSchema-instance"
	xsi:schemaLocation="http://www.springframework.org/schema/beans http://www.springframework.org/schema/beans/spring-beans.xsd">
	
	
	<!-- MVC관련 코드 Controller, HandlerMapping, ViewResolver -->
	
	<!-- jsp용 ViewResolver 등록 -->
	<bean class="org.springframework.web.servlet.view.InternalResourceViewResolver">
			<property name="prefix" value="/WEB-INF/"></property>
			<property name="suffix" value=".jsp"></property>
	</bean>
	
	<bean id="" class="com.login.LoginController"></bean>
</beans>
