<?xml version="1.0" encoding="UTF-8" ?>
<!DOCTYPE mapper
PUBLIC "-//mybatis.org//DTD Mapper 3.0//EN"
"http://mybatis.org/dtd/mybatis-3-mapper.dtd">
<mapper namespace="order">

  
  <select id="numSequence" resultType="int">
    select orderInfo_seq.nextval 
    from dual
  </select>

  <insert id="addOrder" parameterType="CartDTO">
  insert into orderInfo ( num, userid, gCode, gName, gPrice,gSize
                      ,gColor,gAmount,gImage,orderName,post1,post2,addr1,addr2,phone,payMethod)
  values ( orderInfo_seq.nextval,#{userid},
            #{gCode},#{gName},#{gPrice},#{gSize},
            #{gColor},#{gAmount},#{gImage},#{orderName},#{post1},#{post2},#{addr1},#{addr2},#{phone},#{payMethod})  
  </insert>

 <insert id="addAllOrder" parameterType="ArrayList">
  insert  all
    <foreach collection="list" item="xx" index="index" > 
     into orderInfo ( num, userid, gCode, gName, gPrice,gSize
                      ,gColor,gAmount,gImage ,orderName,post1,post2,addr1,addr2,phone,payMethod) 
    values 
  ( #{xx.num}, #{xx.userid}, #{xx.gCode} , #{xx.gName},#{xx.gPrice},#{xx.gSize},
   #{xx.gColor},#{xx.gAmount},#{xx.gImage},#{xx.orderName},#{xx.post1},#{xx.post2},#{xx.addr1},#{xx.addr2},#{xx.phone},#{xx.payMethod})
   </foreach>
   select * from dual
  </insert>
<!-- <insert id="addAllOrder" parameterType="ArrayList">
  insert  all
    <foreach collection="list" item="xx" index="index" > 
     into orderInfo ( num, userid, gCode, gName, gPrice,gSize
                      ,gColor,gAmount,gImage ,orderName,post1,post2,addr1,addr2,phone,payMethod) 
    values 
    // 시퀀스 사용시 무결성 예외발생됨. 따라서 수동으로 값을 설정해야된다
  (orderInfo_seq.nextval , #{xx.userid}, #{xx.gCode} , #{xx.gName},#{xx.gPrice},#{xx.gSize},
   #{xx.gColor},#{xx.gAmount},#{xx.gImage},#{xx.orderName},#{xx.post1},#{xx.post2},#{xx.addr1},#{xx.addr2},#{xx.phone},#{xx.payMethod})
   </foreach>
   select * from dual
  </insert> -->

</mapper>












