<?xml version="1.0" encoding="UTF-8"?>
<beans xmlns="http://www.springframework.org/schema/beans"
	xmlns:xsi="http://www.w3.org/2001/XMLSchema-instance"
	xmlns:context="http://www.springframework.org/schema/context"
	xsi:schemaLocation="http://www.springframework.org/schema/beans http://www.springframework.org/schema/beans/spring-beans.xsd
		http://www.springframework.org/schema/context http://www.springframework.org/schema/context/spring-context-3.1.xsd">
	
	<!-- Root Context: defines shared resources visible to all other web components -->
	<!-- DB 연동 코드 -->
	
	<!-- /////////////////////////////////////////////////////////////////// -->
<!--jdbc.properties 성정 -->
<context:property-placeholder location="classpath:jdbc.properties"/>

<bean id="dataSource" class="org.apache.commons.dbcp2.BasicDataSource">
	<property name="driverClassName" value="${jdbc.driver}"/>
	<property name="url" value="${jdbc.url}"/>
	<property name="username" value="${jdbc.userid}"/>
	<property name="password" value="${jdbc.passwd}"/>
</bean>

<bean id="sqlSessionFactory" class="org.mybatis.spring.SqlSessionFactoryBean">
  <property name="dataSource" ref="dataSource" />
  <property name="mapperLocations" value="classpath:MemberMapper.xml" />
  <property name="typeAliases">
  	<list>
  		<value>com.dto.MemberDTO</value>
  	</list>
  </property>
</bean>

<bean id="sqlSession" class="org.mybatis.spring.SqlSessionTemplate">
  <constructor-arg index="0" ref="sqlSessionFactory" />
</bean>
	
</beans>
